Province,Std
Saskatchewan,377265.5758962978
Ontario,266435.3172685106
Alberta,266063.19182378304
Manitoba,122403.87103708736
Quebec,111411.10436984981
New Brunswick,22019.494316140474
Nova Scotia,19879.253759292344
British Columbia,14945.664171395796
P.E.I.,11355.747559447127
